{
  "MyRecord": [
    {
      "id": "01355101",
      "Subject": "English for Everyday Life",
      "Grade_Num": 2,
      "Grade_Text": "A",
      "year": 1,
      "isShow": false
    },
    {
      "id": "01999021",
      "Subject": "Thai Language for Communication",
      "Grade_Num": 2,
      "Grade_Text": "B",
      "year": 1,
      "isShow": false
    },
    {
      "id": "01999111",
      "Subject": "Intellectual Properties and Professional Ethics",
      "Grade_Num": 2,
      "Grade_Text": "A",
      "year": 1,
      "isShow": false
    },
    {
      "id": "01999111",
      "Subject": "Fundamental Programming Concepts",
      "Grade_Num": 2,
      "Grade_Text": "B",
      "year": 1,
      "isShow": false
    },
    {
      "id": "01999111",
      "Subject": "Introduction to Computer Science",
      "Grade_Num": 2,
      "Grade_Text": "B+",
      "year": 1,
      "isShow": false
    },
    {
      "id": "01999111",
      "Subject": "Calculus I",
      "Grade_Num": 2,
      "Grade_Text": "B+",
      "year": 1,
      "isShow": false
    },
    {
      "id": "01999111",
      "Subject": "Knowledge of the Land",
      "Grade_Num": 2,
      "Grade_Text": "A",
      "year": 1,
      "isShow": false
    },
    {
      "id": "02999144",
      "Subject": "Life Skill for Undergraduate Student",
      "Grade_Num": 3,
      "Grade_Text": "A",
      "year": 1,
      "isShow": false
    },
    {
      "id": "01175118",
      "Subject": "Volleyball for Health",
      "Grade_Num": 1,
      "Grade_Text": "A",
      "year": 1,
      "isShow": false
    },
    {
      "id": "01417322",
      "Subject": "Basic Linear Algebra",
      "Grade_Num": 3,
      "Grade_Text": "B+",
      "year": 1,
      "isShow": false
    },
    {
      "id": "01418113",
      "Subject": "Computer Programming",
      "Grade_Num": 3,
      "Grade_Text": "B",
      "year": 1,
      "isShow": false
    },
    {
      "id": "01418131",
      "Subject": "Statistical Programming",
      "Grade_Num": 3,
      "Grade_Text": "B+",
      "year": 1,
      "isShow": false
    },
    {
      "id": "01418132",
      "Subject": "Fundamentals of Computing",
      "Grade_Num": 3,
      "Grade_Text": "C",
      "year": 1,
      "isShow": false
    },
    {
      "id": "01418132",
      "Subject": "Creative Problem Solving and Critical Thinking Skills",
      "Grade_Num": 3,
      "Grade_Text": "C",
      "year": 1,
      "isShow": false
    },
    {
      "id": "03600012",
      "Subject_Name": "Green Technology",
      "Grade_Num": 3,
      "Grade_Text": "C",
      "year": 1,
      "isShow": false
    }
  ]
}